{
  "project_info": {
    "project_number": "648548048522",
    "firebase_url": "https://strom-mjnigc.firebaseio.com",
    "project_id": "strom-mjnigc",
    "storage_bucket": "strom-mjnigc.appspot.com"
  },
  "client": [
    {
      "client_info": {
        "mobilesdk_app_id": "1:648548048522:android:3f750c0736a2e55341d773",
        "android_client_info": {
          "package_name": "com.example.custom_ui_uart"
        }
      },
      "oauth_client": [
        {
          "client_id": "648548048522-fbd90nicv5bf5k6f9snh7tgnveguit7l.apps.googleusercontent.com",
          "client_type": 1,
          "android_info": {
            "package_name": "com.example.custom_ui_uart",
            "certificate_hash": "709f41c81558d52594837b4da9c19c76c996f185"
          }
        },
        {
          "client_id": "648548048522-9cuq439595lge897f4jfcfhef6eua73t.apps.googleusercontent.com",
          "client_type": 3
        }
      ],
      "api_key": [
        {
          "current_key": "AIzaSyCUMiU01RraGCGjR618sWytnlEDUqXujuQ"
        }
      ],
      "services": {
        "appinvite_service": {
          "other_platform_oauth_client": [
            {
              "client_id": "648548048522-9cuq439595lge897f4jfcfhef6eua73t.apps.googleusercontent.com",
              "client_type": 3
            }
          ]
        }
      }
    },
    {
      "client_info": {
        "mobilesdk_app_id": "1:648548048522:android:07bed287aa6757b241d773",
        "android_client_info": {
          "package_name": "com.example.firebasestore"
        }
      },
      "oauth_client": [
        {
          "client_id": "648548048522-9cuq439595lge897f4jfcfhef6eua73t.apps.googleusercontent.com",
          "client_type": 3
        }
      ],
      "api_key": [
        {
          "current_key": "AIzaSyCUMiU01RraGCGjR618sWytnlEDUqXujuQ"
        }
      ],
      "services": {
        "appinvite_service": {
          "other_platform_oauth_client": [
            {
              "client_id": "648548048522-9cuq439595lge897f4jfcfhef6eua73t.apps.googleusercontent.com",
              "client_type": 3
            }
          ]
        }
      }
    }
  ],
  "configuration_version": "1"
}